agree,agree_ratio,agreeance_text,allsides_page,bias,disagree,name,total_votes
21052,1.680530055,Agrees,https://www.allsides.com/news-source/abc-news-media-bias,left-center,12527,ABC News,33579
80,2.857142857,Strongly Agrees,https://www.allsides.com/news-source/above-law-media-bias,left-center,28,Above The Law,108
223,1.581560284,Agrees,https://www.allsides.com/news-source/abridge-news-media-bias,allsides,141,Abridge News,364
263,2.481132075,Strongly Agrees,https://www.allsides.com/news-source/aj-media-bias,left,106,AJ+,369
4217,0.631381943,Disagrees,https://www.allsides.com/news-source/al-jazeera-media-bias,left-center,6679,Al Jazeera,10896
3686,2.482154882,Strongly Agrees,https://www.allsides.com/news-source/allsides,allsides,1485,AllSides,5171
2368,1.684210526,Agrees,https://www.allsides.com/news-source/allsides-community,allsides,1406,AllSides Community,3774
6834,4.775681342,Absolutely Agrees,https://www.allsides.com/news-source/alternet-media-bias,left,1431,AlterNet,8265
247,2.572916667,Strongly Agrees,https://www.allsides.com/news-source/american-greatness-media-bias,right,96,American Greatness,343
1610,1.790878754,Agrees,https://www.allsides.com/news-source/american-thinker,right,899,American Thinker,2509
92,0.676470588,Somewhat Disagrees,https://www.allsides.com/news-source/ap-fact-check-media-bias,left-center,136,AP Fact Check,228
895,1.561954625,Agrees,https://www.allsides.com/news-source/aquinas-college-saint,left,573,Aquinas College Saint,1468
948,1.314840499,Somewhat Agrees,https://www.allsides.com/news-source/arkansas-democrat-gazette,left,721,Arkansas Democrat-Gazette,1669
13940,1.383897548,Somewhat Agrees,https://www.allsides.com/news-source/associated-press-media-bias,center,10073,Associated Press - apnews,24013
2,2,Agrees,https://www.allsides.com/news-source/atlanta-black-star-media-bias,left-center,1,Atlanta Black Star,3
921,1.106971154,Somewhat Agrees,https://www.allsides.com/news-source/atlanta-journal-constitution,left-center,832,Atlanta Journal-Constitution,1753
788,1.2608,Somewhat Agrees,https://www.allsides.com/news-source/austin-american-statesman,left-center,625,Austin American-Statesman,1413
1875,0.85733882,Somewhat Disagrees,https://www.allsides.com/news-source/axios,center,2187,Axios,4062
120,0.677966102,Somewhat Disagrees,https://www.allsides.com/news-source/az-central-media-bias,center,177,AZ Central,297
96,3.428571429,Absolutely Agrees,https://www.allsides.com/news-source/babylon-bee-media-bias,right-center,28,Babylon Bee,124
525,0.862068966,Somewhat Disagrees,https://www.allsides.com/news-source/barnstable-patriot,center,609,Barnstable Patriot,1134
17356,1.081303346,Somewhat Agrees,https://www.allsides.com/news-source/bbc-news-media-bias,center,16051,BBC News,33407
629,1.149908592,Somewhat Agrees,https://www.allsides.com/news-source/bearing-drift,right,547,Bearing Drift,1176
131,0.803680982,Somewhat Disagrees,https://www.allsides.com/news-source/bet-media-bias,left-center,163,BET,294
3,0.75,Somewhat Disagrees,https://www.allsides.com/news-source/black-enterprise-media-bias,left-center,4,Black Enterprise,7
9542,0.659843718,Disagrees,https://www.allsides.com/news-source/bloomberg-media-bias,center,14461,Bloomberg,24003
748,1.36996337,Somewhat Agrees,https://www.allsides.com/news-source/blue-virginia,left,546,Blue Virginia,1294
870,1.537102473,Agrees,https://www.allsides.com/news-source/boing-boing,left,566,Boing Boing,1436
2,1,Neutral,https://www.allsides.com/news-source/book-club-chicago-media-bias,left,2,Book Club Chicago,4
422,1.175487465,Somewhat Agrees,https://www.allsides.com/news-source/boston-herald-media-bias,right-center,359,Boston Herald,781
243,1.047413793,Somewhat Agrees,https://www.allsides.com/news-source/boston-herald-editorial-media-bias,right-center,232,Boston Herald Editorial,475
14,0.875,Somewhat Disagrees,https://www.allsides.com/news-source/boston-review-media-bias,left-center,16,Boston Review,30
590,0.933544304,Somewhat Disagrees,https://www.allsides.com/news-source/bowling-green-daily-news,left-center,632,Bowling Green Daily News,1222
86,1.264705882,Somewhat Agrees,https://www.allsides.com/news-source/braver-angels-media-bias,allsides,68,Braver Angels,154
24980,2.733041575,Strongly Agrees,https://www.allsides.com/news-source/breitbart,right,9140,Breitbart News,34120
90,1.25,Somewhat Agrees,https://www.allsides.com/news-source/bridgemicom-media-bias,center,72,Bridgemi.com,162
33,3.666666667,Absolutely Agrees,https://www.allsides.com/news-source/brown-girl-magazine-media-bias,left,9,Brown Girl Magazine,42
2478,0.760355937,Somewhat Disagrees,https://www.allsides.com/news-source/business-insider,center,3259,Business Insider,5737
802,1.011349306,Somewhat Agrees,https://www.allsides.com/news-source/bustle,left-center,793,Bustle,1595
12672,1.656037637,Agrees,https://www.allsides.com/news-source/buzzfeed-media-bias,left,7652,BuzzFeed News,20324
3181,3.1937751,Absolutely Agrees,https://www.allsides.com/news-source/c-span,center,996,C-SPAN,4177
686,1.186851211,Somewhat Agrees,https://www.allsides.com/news-source/calmatters,center,578,CalMatters,1264
541,0.939236111,Somewhat Disagrees,https://www.allsides.com/news-source/calwatchdog,center,576,CalWatchdog,1117
595,0.934065934,Somewhat Disagrees,https://www.allsides.com/news-source/care-2,left,637,Care2,1232
6584,1.915066899,Agrees,https://www.allsides.com/news-source/cbn,right,3438,CBN,10022
10980,1.373530148,Somewhat Agrees,https://www.allsides.com/news-source/cbs-news-media-bias,left-center,7994,CBS News,18974
649,1.144620811,Somewhat Agrees,https://www.allsides.com/news-source/center-major-media-sources,center,567,Center Major Media Sources,1216
677,0.871299871,Somewhat Disagrees,https://www.allsides.com/news-source/center-public-integrity,left-center,777,Center for Public Integrity,1454
568,0.891679749,Somewhat Disagrees,https://www.allsides.com/news-source/centre-view,left-center,637,Centre View,1205
76,0.817204301,Somewhat Disagrees,https://www.allsides.com/news-source/check-your-fact-media-bias,right-center,93,Check Your Fact,169
3,3,Strongly Agrees,https://www.allsides.com/news-source/chicago-crusader-media-bias,left,1,Chicago Crusader,3
30,3,Strongly Agrees,https://www.allsides.com/news-source/chicago-defender-media-bias,left,10,Chicago Defender,40
769,0.992258065,Somewhat Disagrees,https://www.allsides.com/news-source/chicago-sun-times,left-center,775,Chicago Sun-Times,1544
1931,0.556644566,Disagrees,https://www.allsides.com/news-source/chicago-tribune,center,3469,Chicago Tribune,5400
11532,0.786683948,Somewhat Disagrees,https://www.allsides.com/news-source/christian-science-monitor,center,14659,Christian Science Monitor,26191
103,0.677631579,Somewhat Disagrees,https://www.allsides.com/news-source/christianity-today-media-bias,right-center,152,Christianity Today,255
362,1.202657807,Somewhat Agrees,https://www.allsides.com/news-source/city-journal-media-bias,right,301,City Journal,663
2075,0.425466475,Strongly Disagrees,https://www.allsides.com/news-source/cnbc,center,4877,CNBC,6952
322,1.210526316,Somewhat Agrees,https://www.allsides.com/news-source/cnet,center,266,CNET,588
34299,0.93733603,Somewhat Disagrees,https://www.allsides.com/news-source/cnn-media-bias,left-center,36592,CNN,70891
16391,3.924108212,Absolutely Agrees,https://www.allsides.com/news-source/cnn-editorial,left,4177,CNN - Editorial,20568
877,1.203017833,Somewhat Agrees,https://www.allsides.com/news-source/cnsnewscom,right,729,CNSNews,1606
199,0.565340909,Disagrees,https://www.allsides.com/news-source/columbia-journalism-review,center,352,Columbia Journalism Review,551
218,0.956140351,Somewhat Disagrees,https://www.allsides.com/news-source/commentary-magazine-media-bias,right,228,Commentary Magazine,446
28,0.777777778,Somewhat Disagrees,https://www.allsides.com/news-source/concord-monitor,center,36,Concord Monitor,64
853,2.14861461,Strongly Agrees,https://www.allsides.com/news-source/conservative-hq,right,397,Conservative HQ,1250
892,1.554006969,Agrees,https://www.allsides.com/news-source/cook-report,center,574,Cook Report,1466
363,1.406976744,Somewhat Agrees,https://www.allsides.com/news-source/counter-currents,left-center,258,Counter Currents,621
387,1.090140845,Somewhat Agrees,https://www.allsides.com/news-source/counterpointing,allsides,355,Counterpointing,742
415,0.949656751,Somewhat Disagrees,https://www.allsides.com/news-source/crowdpac,center,437,CrowdPAC,852
365,0.83908046,Somewhat Disagrees,https://www.allsides.com/news-source/cu-independent,center,435,CU Independent,800
363,2.26875,Strongly Agrees,https://www.allsides.com/news-source/current-affairs-media-bias,left,160,Current Affairs,523
11878,2.400565885,Strongly Agrees,https://www.allsides.com/news-source/daily-beast-media-bias,left,4948,Daily Beast,16826
423,0.921568627,Somewhat Disagrees,https://www.allsides.com/news-source/daily-cardinal,center,459,Daily Cardinal,882
5,1,Neutral,https://www.allsides.com/news-source/daily-chela-media-bias,left,5,Daily Chela,10
5491,2.703594289,Strongly Agrees,https://www.allsides.com/news-source/daily-kos,left,2031,Daily Kos,7522
5461,1.573775216,Agrees,https://www.allsides.com/news-source/daily-mail,right,3470,Daily Mail,8931
384,0.943488943,Somewhat Disagrees,https://www.allsides.com/news-source/daily-northwestern,left-center,407,Daily Northwestern,791
373,0.800429185,Somewhat Disagrees,https://www.allsides.com/news-source/daily-press,right-center,466,Daily Press,839
425,0.988372093,Somewhat Disagrees,https://www.allsides.com/news-source/daily-progress,center,430,Daily Progress,855
273,0.679104478,Somewhat Disagrees,https://www.allsides.com/news-source/daily-targum,left-center,402,Daily Targum,675
264,1.10460251,Somewhat Agrees,https://www.allsides.com/news-source/defense-one-media-bias,center,239,Defense One,503
8291,3.662102473,Absolutely Agrees,https://www.allsides.com/news-source/democracy-now,left,2264,Democracy Now,10555
109,0.767605634,Somewhat Disagrees,https://www.allsides.com/news-source/desmoines-register,center,142,Des Moines Register,251
1142,0.641212802,Disagrees,https://www.allsides.com/news-source/deseret-news,right-center,1781,Deseret News,2923
177,0.797297297,Somewhat Disagrees,https://www.allsides.com/news-source/detroit-free-press,left-center,222,Detroit Free Press,399
103,0.673202614,Somewhat Disagrees,https://www.allsides.com/news-source/detroit-news,center,153,Detroit News,256
363,1.24742268,Somewhat Agrees,https://www.allsides.com/news-source/diplomatic-courier,center,291,Diplomatic Courier,654
2121,1.382659713,Somewhat Agrees,https://www.allsides.com/news-source/drudge-report,right-center,1534,Drudge Report,3655
402,0.985294118,Somewhat Disagrees,https://www.allsides.com/news-source/duke-chronicle,center,408,Duke Chronicle,810
9,1.5,Somewhat Agrees,https://www.allsides.com/news-source/erraticus-media-bias,center,6,Erraticus,15
1024,1.896296296,Agrees,https://www.allsides.com/news-source/esquire,left,540,Esquire,1564
268,0.754929577,Somewhat Disagrees,https://www.allsides.com/news-source/estes-park-trail-gazette,center,355,Estes Park Trail Gazette,623
346,0.884910486,Somewhat Disagrees,https://www.allsides.com/news-source/eurek-alert,center,391,Eurek Alert,737
798,1.154848046,Somewhat Agrees,https://www.allsides.com/news-source/fact-checker-blog,center,691,Fact Checker Blog,1489
6479,1.259770562,Somewhat Agrees,https://www.allsides.com/news-source/factcheckorg-media-bias,center,5143,FactCheck.org,11622
531,1.001886792,Somewhat Agrees,https://www.allsides.com/news-source/fair-media-bias,left-center,530,FAIR,1061
416,0.886993603,Somewhat Disagrees,https://www.allsides.com/news-source/falls-church-news-press,left,469,Falls Church News - Press,885
607,1.5175,Agrees,https://www.allsides.com/news-source/financial-times-media-bias,center,400,Financial Times,1007
713,1.163132137,Somewhat Agrees,https://www.allsides.com/news-source/fiscal-times,right-center,613,Fiscal Times,1326
3724,1.579304495,Agrees,https://www.allsides.com/news-source/fivethirtyeight-0,center,2358,FiveThirtyEight,6082
7487,1.804096386,Agrees,https://www.allsides.com/news-source/forbes,center,4150,Forbes,11637
955,1.826003824,Agrees,https://www.allsides.com/news-source/foreign-affairs,center,523,Foreign Affairs,1478
141,1.014388489,Somewhat Agrees,https://www.allsides.com/news-source/foreign-policy-media-bias,center,139,Foreign Policy,280
28971,0.777619712,Somewhat Disagrees,https://www.allsides.com/news-source/fox-news-media-bias,right-center,37256,Fox News,66227
2058,1.986486486,Agrees,https://www.allsides.com/news-source/fox-news-latino,right,1036,Fox News Latino,3094
13906,4.420216147,Absolutely Agrees,https://www.allsides.com/news-source/fox-news-editorial-media-bias,right,3146,Fox News Opinion,17052
559,1.334128878,Somewhat Agrees,https://www.allsides.com/news-source/frontpage-magazine,right,419,FrontPage Magazine,978
133,1.090163934,Somewhat Agrees,https://www.allsides.com/news-source/gizmodo,left-center,122,Gizmodo,255
10,0.23255814,Absolutely Disagrees,https://www.allsides.com/news-source/glaad-media-bias,left-center,43,GLAAD,53
475,1.349431818,Somewhat Agrees,https://www.allsides.com/news-source/google-news-media-bias,left-center,352,Google News,827
84,0.717948718,Somewhat Disagrees,https://www.allsides.com/news-source/gqcom-media-bias,left-center,117,GQ,201
484,0.918406072,Somewhat Disagrees,https://www.allsides.com/news-source/grist,left-center,527,Grist,1011
394,0.972839506,Somewhat Disagrees,https://www.allsides.com/news-source/hampton-roads-messanger,center,405,Hampton Roads Messanger,799
717,0.84056272,Somewhat Disagrees,https://www.allsides.com/news-source/harvard-business-school,left-center,853,Harvard Business School,1570
67,1.240740741,Somewhat Agrees,https://www.allsides.com/news-source/heavycom-media-bias,center,54,Heavy,121
474,1.224806202,Somewhat Agrees,https://www.allsides.com/news-source/herald-democrat-0,left,387,Herald Democrat,861
0,0,Absolutely Disagrees,https://www.allsides.com/news-source/hip-latina-media-bias,left,1,Hip Latina,0
349,0.727083333,Somewhat Disagrees,https://www.allsides.com/news-source/honolulu-civil-beat,center,480,Honolulu Civil Beat,829
1023,1.111956522,Somewhat Agrees,https://www.allsides.com/news-source/hotair,right-center,920,HotAir,1943
63,0.940298507,Somewhat Disagrees,https://www.allsides.com/news-source/houston-chronicle-media-bias,center,67,Houston Chronicle,130
637,1.042553191,Somewhat Agrees,https://www.allsides.com/news-source/how-do-we-fix-it,center,611,How Do We Fix It?,1248
122,1.207920792,Somewhat Agrees,https://www.allsides.com/news-source/howard-kurtz-media-bias,center,101,Howard Kurtz,223
26313,1.263226116,Somewhat Agrees,https://www.allsides.com/news-source/huffpost-media-bias,left,20830,HuffPost,47143
72,0.9,Somewhat Disagrees,https://www.allsides.com/news-source/idaho-statesman-media-bias,center,80,Idaho Statesman,152
392,1.351724138,Somewhat Agrees,https://www.allsides.com/news-source/inacow,right,290,Inacow,682
1230,1.083700441,Somewhat Agrees,https://www.allsides.com/news-source/independent-journal-review,right-center,1135,Independent Journal Review,2365
293,0.787634409,Somewhat Disagrees,https://www.allsides.com/news-source/indiana-daily-student,center,372,Indiana Daily Student,665
295,0.92476489,Somewhat Disagrees,https://www.allsides.com/news-source/indy-online,center,319,Indy Online,614
314,0.902298851,Somewhat Disagrees,https://www.allsides.com/news-source/indy-week,left-center,348,Indy Week,662
4563,4.417231365,Absolutely Agrees,https://www.allsides.com/news-source/infowars,right,1033,InfoWars,5596
310,0.898550725,Somewhat Disagrees,https://www.allsides.com/news-source/inside-philanthropy,center,345,Inside Philanthropy,655
367,0.90617284,Somewhat Disagrees,https://www.allsides.com/news-source/intellectual-conservative,right-center,405,Intellectual Conservative,772
1031,1.300126103,Somewhat Agrees,https://www.allsides.com/news-source/international-business-times,center,793,International Business Times,1824
1184,1.255567338,Somewhat Agrees,https://www.allsides.com/news-source/investors-business-daily,right-center,943,Investor's Business Daily,2127
451,1.004454343,Somewhat Agrees,https://www.allsides.com/news-source/ivn,center,449,IVN,900
671,3.834285714,Absolutely Agrees,https://www.allsides.com/news-source/jacobin-media-bias,left,175,Jacobin,846
210,2.625,Strongly Agrees,https://www.allsides.com/news-source/jezebel-media-bias,left,80,Jezebel,290
275,0.873015873,Somewhat Disagrees,https://www.allsides.com/news-source/journalists-resource,center,315,Journalist's Resource,590
0,0,Absolutely Disagrees,https://www.allsides.com/news-source/jstor-daily-media-bias,center,1,JSTOR Daily,0
198,1.025906736,Somewhat Agrees,https://www.allsides.com/news-source/jubilee-media-bias,center,193,Jubilee Media,391
1175,0.930324624,Somewhat Disagrees,https://www.allsides.com/news-source/judicial-watch,right-center,1263,Judicial Watch,2438
8,0.888888889,Somewhat Disagrees,https://www.allsides.com/news-source/kalworg-media-bias,center,9,KALW,17
68,0.819277108,Somewhat Disagrees,https://www.allsides.com/news-source/katu-media-bias,center,83,KATU,151
514,1.162895928,Somewhat Agrees,https://www.allsides.com/news-source/kqed,center,442,KQED,956
904,1.259052925,Somewhat Agrees,https://www.allsides.com/news-source/ksl,right,718,KSL,1622
313,1.003205128,Somewhat Agrees,https://www.allsides.com/news-source/las-vegas-sun,left-center,312,Las Vegas Sun,625
1,0.5,Strongly Disagrees,https://www.allsides.com/news-source/latino-rebels-media-bias,left,2,Latino Rebels,3
241,1.100456621,Somewhat Agrees,https://www.allsides.com/news-source/leesburg-today,right-center,219,Leesburg Today,460
579,1.269736842,Somewhat Agrees,https://www.allsides.com/news-source/left-major-publications,left,456,Left - Major Media Sources,1035
1,1,Neutral,https://www.allsides.com/news-source/lgbtq-nation-media-bias,left-center,1,LGBTQ Nation,1
364,1.037037037,Somewhat Agrees,https://www.allsides.com/news-source/lifehacker,center,351,Lifehacker,715
146,1.20661157,Somewhat Agrees,https://www.allsides.com/news-source/listen-first-project-media-bias,allsides,121,Listen First Project,267
310,1.455399061,Somewhat Agrees,https://www.allsides.com/news-source/live-action-news,right-center,213,Live Action News,523
207,1.156424581,Somewhat Agrees,https://www.allsides.com/news-source/longmont-times-call,left-center,179,Longmont Times-Call,386
4378,1.354160223,Somewhat Agrees,https://www.allsides.com/news-source/los-angeles-times-bias,left-center,3233,Los Angeles Times - latimes,7611
219,0.956331878,Somewhat Disagrees,https://www.allsides.com/news-source/louisville-courier-journal,left-center,229,Louisville Courier-Journal,448
1,0.5,Strongly Disagrees,https://www.allsides.com/news-source/making-sense-media-bias,center,2,Making Sense,3
214,0.457264957,Strongly Disagrees,https://www.allsides.com/news-source/marketwatch-media-bias,right-center,468,MarketWatch,682
471,2.221698113,Strongly Agrees,https://www.allsides.com/news-source/mashable,left,212,Mashable,683
86,0.781818182,Somewhat Disagrees,https://www.allsides.com/news-source/mcclatchydc-media-bias,center,110,McClatchyDC,196
2690,1.662546354,Agrees,https://www.allsides.com/news-source/media-matters-bias,left,1618,Media Matters,4308
1344,0.823025107,Somewhat Disagrees,https://www.allsides.com/news-source/media-research-center,right,1633,Media Research Center,2977
764,1.010582011,Somewhat Agrees,https://www.allsides.com/news-source/mediaite-bias,left-center,756,Mediaite,1520
338,0.949438202,Somewhat Disagrees,https://www.allsides.com/news-source/miami-herald,left-center,356,Miami Herald,694
593,1.996632997,Agrees,https://www.allsides.com/news-source/michellemalkincom,right,297,MichelleMalkin.com,890
253,1.095238095,Somewhat Agrees,https://www.allsides.com/news-source/michigan-daily,left-center,231,Michigan Daily,484
7,1.75,Agrees,https://www.allsides.com/news-source/military-times-media-bias,center,4,Military Times,11
1,0.5,Strongly Disagrees,https://www.allsides.com/news-source/misinformation-review-media-bias,center,2,Misinformation Review,3
99,0.883928571,Somewhat Disagrees,https://www.allsides.com/news-source/mismatchorg-media-bias,allsides,112,Mismatch,211
247,1.216748768,Somewhat Agrees,https://www.allsides.com/news-source/mit-news,center,203,MIT News,450
4,1.333333333,Somewhat Agrees,https://www.allsides.com/news-source/mit-media-bias,left,3,Mit,7
9159,6.053536021,Absolutely Agrees,https://www.allsides.com/news-source/mother-jones-bias,left,1513,Mother Jones,10672
10945,3.290739627,Absolutely Agrees,https://www.allsides.com/news-source/msnbc,left,3326,MSNBC,14271
101,0.627329193,Disagrees,https://www.allsides.com/news-source/mtv-news-online-media-bias,left-center,161,MTV News Online,262
1003,1.359078591,Somewhat Agrees,https://www.allsides.com/news-source/national-journal,center,738,National Journal,1741
12971,2.305545681,Strongly Agrees,https://www.allsides.com/news-source/national-review,right,5626,National Review,18597
21,1.75,Agrees,https://www.allsides.com/news-source/naturecom-media-bias,center,12,Nature,33
6635,0.865284298,Somewhat Disagrees,https://www.allsides.com/news-source/nbc-news-media-bias,left-center,7668,NBC News,14303
1299,0.929184549,Somewhat Disagrees,https://www.allsides.com/news-source/nbc-today-show,left-center,1398,NBC Today Show,2697
3,0.6,Disagrees,https://www.allsides.com/news-source/new-discourses-media-bias,center,5,New Discourses,8
42,0.933333333,Somewhat Disagrees,https://www.allsides.com/news-source/union-leader,center,45,New Hampshire Union Leader,87
1447,1.867096774,Agrees,https://www.allsides.com/news-source/new-republic,left,775,New Republic,2222
1224,2.197486535,Strongly Agrees,https://www.allsides.com/news-source/new-york-daily-news,left,557,New York Daily News,1781
1973,2.202008929,Strongly Agrees,https://www.allsides.com/news-source/new-york-magazine,left,896,New York Magazine - nymag,2869
6809,1.566728026,Agrees,https://www.allsides.com/news-source/new-york-post,right,4346,New York Post,11155
20301,0.676361819,Somewhat Disagrees,https://www.allsides.com/news-source/new-york-times,left-center,30015,New York Times - nytimes,50316
6707,3.326884921,Absolutely Agrees,https://www.allsides.com/news-source/new-york-times-opinion-media-bias,left,2016,New York Times  Opinion - nytimes,8723
409,1.809734513,Agrees,https://www.allsides.com/news-source/newsbusters,right,226,NewsBusters,635
7272,0.789662287,Somewhat Disagrees,https://www.allsides.com/news-source/newsmax,right-center,9209,Newsmax News,16481
117,1.602739726,Agrees,https://www.allsides.com/news-source/newsmax-opinion-media-bias,right,73,Newsmax Opinion,190
146,2,Agrees,https://www.allsides.com/news-source/newsonecom-media-bias,left,73,NewsOne,219
2452,0.82698145,Somewhat Disagrees,https://www.allsides.com/news-source/newsweek,left,2965,Newsweek,5417
54,3.857142857,Absolutely Agrees,https://www.allsides.com/news-source/newsy-media-bias,center,14,Newsy,68
6,6,Absolutely Agrees,https://www.allsides.com/news-source/newtrals-media-bias,center,1,Newtrals,7
31,1.347826087,Somewhat Agrees,https://www.allsides.com/news-source/nieman-lab-media-bias,center,23,Nieman Lab,54
213,0.812977099,Somewhat Disagrees,https://www.allsides.com/news-source/nmpoliticsnet,center,262,NMPolitics,475
3922,0.8952294,Somewhat Disagrees,https://www.allsides.com/news-source/npr-editorial,left-center,4381,NPR Editorial,8303
23457,1.249374168,Somewhat Agrees,https://www.allsides.com/news-source/npr-media-bias,center,18775,NPR Online News,42232
881,0.829566855,Somewhat Disagrees,https://www.allsides.com/news-source/one-america-news-network-media-bias,right-center,1062,One America News Network,1943
303,1.16091954,Somewhat Agrees,https://www.allsides.com/news-source/orange-county-register,right-center,261,Orange County Register,564
416,1.139726027,Somewhat Agrees,https://www.allsides.com/news-source/pacific-standard,left-center,365,Pacific Standard,781
1,1,Neutral,https://www.allsides.com/news-source/patchcom-media-bias,center,1,Patch.com,2
2624,1.354672173,Somewhat Agrees,https://www.allsides.com/news-source/pbs-newshour,center,1937,PBS NewsHour,4561
195,1.857142857,Agrees,https://www.allsides.com/news-source/peacock-panache,left,105,Peacock Panache,300
149,1.773809524,Agrees,https://www.allsides.com/news-source/physorg,center,84,Phys.org,233
2,2,Agrees,https://www.allsides.com/news-source/pinknews-media-bias,left,1,PinkNews,2
271,0.826219512,Somewhat Disagrees,https://www.allsides.com/news-source/pittsburgh-post-gazette,right-center,328,Pittsburgh Post-Gazette,599
255,1.281407035,Somewhat Agrees,https://www.allsides.com/news-source/pj-media-media-bias,right-center,199,PJ Media,454
17380,0.705443033,Somewhat Disagrees,https://www.allsides.com/news-source/politico-media-bias,left-center,24637,Politico,42017
989,2.91740413,Strongly Agrees,https://www.allsides.com/news-source/politicususa,left,339,PoliticusUSA,1328
2951,0.983338887,Somewhat Disagrees,https://www.allsides.com/news-source/politifact,left-center,3001,PolitiFact,5952
252,0.72,Somewhat Disagrees,https://www.allsides.com/news-source/portland-press-herarld,center,350,Portland Press Herald,602
37,0.880952381,Somewhat Disagrees,https://www.allsides.com/news-source/poynter-media-bias,center,42,Poynter,79
729,1.567741935,Agrees,https://www.allsides.com/news-source/pri-public-radio-international,center,465,PRI,1194
235,1.577181208,Agrees,https://www.allsides.com/news-source/progressive-voices-iowa,left,149,Progressive Voices of Iowa,384
191,0.927184466,Somewhat Disagrees,https://www.allsides.com/news-source/project-veritas-media-bias,right-center,206,Project Veritas,397
1215,1.458583433,Somewhat Agrees,https://www.allsides.com/news-source/propublica,left-center,833,ProPublica,2048
42,1.555555556,Agrees,https://www.allsides.com/news-source/psychology-today-media-bias,center,27,Psychology Today,69
202,0.930875576,Somewhat Disagrees,https://www.allsides.com/news-source/pxw-news,center,217,PXW News,419
616,1.011494253,Somewhat Agrees,https://www.allsides.com/news-source/quartz,center,609,Quartz,1225
420,0.628742515,Disagrees,https://www.allsides.com/news-source/quillette-media-bias,right-center,668,Quillette,1088
548,0.696315121,Somewhat Disagrees,https://www.allsides.com/news-source/rasmussen-reports,center,787,Rasmussen Reports,1335
861,1.961275626,Agrees,https://www.allsides.com/news-source/raw-story,left,439,Raw Story,1300
3435,0.95735786,Somewhat Disagrees,https://www.allsides.com/news-source/real-clear-politics,center,3588,RealClearPolitics,7023
6707,1.556509631,Agrees,https://www.allsides.com/news-source/reason,right-center,4309,Reason,11016
155,0.939393939,Somewhat Disagrees,https://www.allsides.com/news-source/record-journal,center,165,Record Journal,320
44,0.814814815,Somewhat Disagrees,https://www.allsides.com/news-source/red-racing-horses-media-bias,right,54,Red Racing Horses,98
721,2.59352518,Strongly Agrees,https://www.allsides.com/news-source/red-state,right,278,Red State,999
10520,1.762734584,Agrees,https://www.allsides.com/news-source/reuters,center,5968,Reuters,16488
265,1.193693694,Somewhat Agrees,https://www.allsides.com/news-source/richmond-times-dispatch,right-center,222,Richmond Times Dispatch,487
310,1.043771044,Somewhat Agrees,https://www.allsides.com/news-source/right-major-publications,right,297,Right - Major Media Sources,607
469,1.946058091,Agrees,https://www.allsides.com/news-source/right-side-news,right,241,Right Side News,710
422,2.038647343,Strongly Agrees,https://www.allsides.com/news-source/right-wing-news,right,207,Right Wing News,629
178,1.072289157,Somewhat Agrees,https://www.allsides.com/news-source/roll-call-media-bias,center,166,Roll Call,344
1594,3.487964989,Absolutely Agrees,https://www.allsides.com/news-source/rolling-stone,left,457,RollingStone,2051
11234,2.208808494,Strongly Agrees,https://www.allsides.com/news-source/salon,left,5086,Salon,16320
964,2.700280112,Strongly Agrees,https://www.allsides.com/news-source/san-francisco-chronicle,left,357,San Francisco Chronicle,1321
0,0,Absolutely Disagrees,https://www.allsides.com/news-source/san-gabriel-valley-tribune-media-bias,center,1,San Gabriel Valley Tribune,0
427,0.951002227,Somewhat Disagrees,https://www.allsides.com/news-source/san-jose-mercury-news,left-center,449,San Jose Mercury News,876
504,1.605095541,Agrees,https://www.allsides.com/news-source/science-daily,center,314,Science Daily,818
1174,1.857594937,Agrees,https://www.allsides.com/news-source/scientific-american,left-center,632,Scientific American,1806
2,0.666666667,Disagrees,https://www.allsides.com/news-source/scriberr-media-news-media-bias,center,3,Scriberr Media,5
4,2,Agrees,https://www.allsides.com/news-source/scriberr-media-news-media-bias-0,center,2,Scriberr Media,6
1,0.333333333,Strongly Disagrees,https://www.allsides.com/news-source/scriberr-media-opinioneditorial-media-bias,right-center,3,Scriberr Media - Opinion/Editorial,4
277,0.795977011,Somewhat Disagrees,https://www.allsides.com/news-source/sf-weekly,center,348,SF Weekly,625
477,0.919075145,Somewhat Disagrees,https://www.allsides.com/news-source/sf-gate,left-center,519,SFGate,996
152,1.048275862,Somewhat Agrees,https://www.allsides.com/news-source/sky-hi-daily-news,left-center,145,Sky-Hi Daily News,297
5592,1.951832461,Agrees,https://www.allsides.com/news-source/slate,left,2865,Slate,8457
178,0.751054852,Somewhat Disagrees,https://www.allsides.com/news-source/smerconish-media-bias,center,237,Smerconish,415
698,0.515890613,Disagrees,https://www.allsides.com/news-source/snopes,center,1353,Snopes,2051
464,2.138248848,Strongly Agrees,https://www.allsides.com/news-source/socialist-alternative,left,217,Socialist Alternative,681
410,2.135416667,Strongly Agrees,https://www.allsides.com/news-source/socialist-projectthe-bullet,left,192,Socialist Project/The Bullet,602
22,1.1,Somewhat Agrees,https://www.allsides.com/news-source/spectator-usa-media-bias,right,20,Spectator USA,42
221,2.302083333,Strongly Agrees,https://www.allsides.com/news-source/splinter-media-bias,left,96,Splinter,317
230,0.842490842,Somewhat Disagrees,https://www.allsides.com/news-source/spokesman-review,left-center,273,Spokesman Review,503
191,0.715355805,Somewhat Disagrees,https://www.allsides.com/news-source/state-journal,left-center,267,State Journal,458
84,1.166666667,Somewhat Agrees,https://www.allsides.com/news-source/storycorps-media-bias,allsides,72,StoryCorps,156
98,1.661016949,Agrees,https://www.allsides.com/news-source/subverse-media-bias,center,59,Subverse,157
161,0.847368421,Somewhat Disagrees,https://www.allsides.com/news-source/suspend-belief-podcast,allsides,190,Suspend Belief Podcast,351
259,0.955719557,Somewhat Disagrees,https://www.allsides.com/news-source/tallahassee-democrat,center,271,Tallahassee Democrat,530
434,1.481228669,Somewhat Agrees,https://www.allsides.com/news-source/techcrunch-media-bias,center,293,TechCrunch,727
354,0.673003802,Somewhat Disagrees,https://www.allsides.com/news-source/teen-vogue,left-center,526,Teen Vogue,880
1,0.333333333,Strongly Disagrees,https://www.allsides.com/news-source/advocate-media-bias,left-center,3,The Advocate,4
189,0.797468354,Somewhat Disagrees,https://www.allsides.com/news-source/advocate-messenger,left-center,237,The Advocate-Messenger,426
244,0.927756654,Somewhat Disagrees,https://www.allsides.com/news-source/american-conservative-media-bias,right-center,263,The American Conservative,507
5,0.833333333,Somewhat Disagrees,https://www.allsides.com/news-source/american-mind-media-bias,right-center,6,The American Mind,11
9600,2.719546742,Strongly Agrees,https://www.allsides.com/news-source/american-spectator,right,3530,The American Spectator,13130
55,1.222222222,Somewhat Agrees,https://www.allsides.com/news-source/appeal-media-bias,center,45,The Appeal,100
8369,1.947637887,Agrees,https://www.allsides.com/news-source/atlantic,left-center,4297,The Atlantic,12666
1576,1.328836425,Somewhat Agrees,https://www.allsides.com/news-source/boston-globe,left-center,1186,The Boston Globe,2762
183,0.948186528,Somewhat Disagrees,https://www.allsides.com/news-source/cadiz-record,left-center,193,The Cadiz Record,376
178,1.210884354,Somewhat Agrees,https://www.allsides.com/news-source/canyon-county-zephry,left,147,The Canyon County Zephyr,325
38,0.612903226,Disagrees,https://www.allsides.com/news-source/center-square-michigan-media-bias,center,62,The Center Square - Michigan,100
208,1.291925466,Somewhat Agrees,https://www.allsides.com/news-source/college-fix,right,161,The College Fix,369
170,0.735930736,Somewhat Disagrees,https://www.allsides.com/news-source/commercial-appeal,left-center,231,The Commercial Appeal,401
165,0.629770992,Disagrees,https://www.allsides.com/news-source/courier-journal,left-center,262,The Courier-Journal,427
6714,2.19268452,Strongly Agrees,https://www.allsides.com/news-source/daily-caller,right,3062,The Daily Caller,9776
72,1.058823529,Somewhat Agrees,https://www.allsides.com/news-source/daily-dot-media-bias,left-center,68,The Daily Dot,140
1011,0.787996882,Somewhat Disagrees,https://www.allsides.com/news-source/daily-show,left-center,1283,The Daily Show,2294
392,2.45,Strongly Agrees,https://www.allsides.com/news-source/daily-signal,right,160,The Daily Signal,552
5370,2.462173315,Strongly Agrees,https://www.allsides.com/news-source/daily-wire,right,2181,The Daily Wire,7551
174,1.348837209,Somewhat Agrees,https://www.allsides.com/news-source/dallas-morning-news,center,129,The Dallas Morning News - dallasnews,303
201,0.858974359,Somewhat Disagrees,https://www.allsides.com/news-source/delaware-county-daily-times,left-center,234,The Delaware County Daily Times,435
33,1.941176471,Agrees,https://www.allsides.com/news-source/dispatch-media-bias,right-center,17,The Dispatch,50
2968,0.535256988,Disagrees,https://www.allsides.com/news-source/economist,left-center,5545,The Economist,8513
5928,3.534883721,Absolutely Agrees,https://www.allsides.com/news-source/epoch-times-media-bias,right,1677,The Epoch Times,7605
4734,2.673066064,Strongly Agrees,https://www.allsides.com/news-source/federalist,right,1771,The Federalist,6505
343,1.299242424,Somewhat Agrees,https://www.allsides.com/news-source/flip-side-media-bias,allsides,264,The Flip Side,607
103,1.06185567,Somewhat Agrees,https://www.allsides.com/news-source/fulcrum-media-bias,center,97,The Fulcrum,200
634,1.50952381,Agrees,https://www.allsides.com/news-source/gateway-pundit,right,420,The Gateway Pundit,1054
70,1.044776119,Somewhat Agrees,https://www.allsides.com/news-source/globe-and-mail-media-bias,center,67,The Globe and Mail,137
8768,1.633687349,Agrees,https://www.allsides.com/news-source/guardian,left-center,5367,The Guardian,14135
10563,0.794509214,Somewhat Disagrees,https://www.allsides.com/news-source/hill-media-bias,center,13295,The Hill,23858
47,1.068181818,Somewhat Agrees,https://www.allsides.com/news-source/imaginative-conservative-media-bias,right,44,The Imaginative Conservative,91
268,1.212669683,Somewhat Agrees,https://www.allsides.com/news-source/independent-0,left-center,221,The Independent,489
2711,2.755081301,Strongly Agrees,https://www.allsides.com/news-source/intercept,left,984,The Intercept,3695
195,1.010362694,Somewhat Agrees,https://www.allsides.com/news-source/jerusalem-post-media-bias,center,193,The Jerusalem Post,388
2,2,Agrees,https://www.allsides.com/news-source/juggernaut-media-bias,left,1,The Juggernaut,2
138,0.896103896,Somewhat Disagrees,https://www.allsides.com/news-source/justice,left-center,154,The Justice,292
xx,1.5,Agrees,https://www.allsides.com/news-source/washington-post-media-bias,left-center,xx,The Washington Post - washingtonpost,57324
